﻿{
    "name": "ion-rangeSlider",
    "version": "2.1.2",
    "title": "Ion.RangeSlider",
    "description": "Cool, comfortable and easily customizable range slider with many options and skin support",
    "keywords": [
        "jquery",
        "form",
        "input",
        "range",
        "slider",
        "rangeslider",
        "interface",
        "diapason",
        "ui",
        "noui",
        "skins"
    ],
    "author": {
        "name": "IonDen",
        "url": "https://github.com/IonDen",
        "email": "denis.ineshin@gmail.com"
    },
    "licenses": [
        {
            "type": "MIT",
            "url": "http://ionden.com/a/plugins/licence-en.html"
        }
    ],
    "homepage": "https://github.com/IonDen/ion.rangeSlider",
    "docs": "https://github.com/IonDen/ion.rangeSlider/blob/master/readme.md",
    "demo": "http://ionden.com/a/plugins/ion.rangeSlider/en.html",
    "download": "http://ionden.com/a/plugins/ion.rangeSlider/ion.rangeSlider-2.1.2.zip",
    "dependencies": {
        "jquery": ">=1.8"
    }
}